{
    "auto93": {
        "MAPE": [
            14.86,
            0.0
        ],
        "RAE": [
            0.38,
            0.0
        ],
        "RRSE": [
            14.86,
            0.0
        ]
    },
    "bolts": [
        21.49,
        32.77
    ],
    "cpu": [
        6.86,
        0.12
    ],
    "pwLinear": [
        89.91,
        358.07
    ],
    "hungarian": {
        "MAPE": [
            3.6105129216038056e+16,
            0.0
        ],
        "RAE": [
            0.43,
            0.0
        ],
        "RRSE": [
            0.66,
            0.0
        ]
    },
    "stock": {
        "MAPE": [
            1.28,
            0.0
        ],
        "RAE": [
            0.12,
            0.0
        ],
        "RRSE": [
            0.15,
            0.0
        ]
    },
    "Insurance": {
        "MAPE": [
            8.665304967105886e+16,
            0.0
        ],
        "RAE": [
            1.02,
            0.0
        ],
        "RRSE": [
            1.03,
            0.0
        ]
    },
    "houses": {
        "MAPE": [
            0.17,
            0.0
        ],
        "RAE": [
            0.11,
            0.0
        ],
        "RRSE": [
            0.2,
            0.0
        ]
    },
    "wisconsin": {
        "MAPE": [
            123.26,
            0.0
        ],
        "RAE": [
            0.9,
            0.0
        ],
        "RRSE": [
            0.9,
            0.0
        ]
    }
}